Array 1,Suma total,Producto elemento a elemento,Max Value,Min Value,Max Index,Min Index,Suma con Broadcasting,Submatriz,Array modificado,Matriz invertida,Valores filtrados
"[10, 11, 12, 13, 14, 15, 16, 17, 18, 19, 20, 21, 22, 23, 24, 25, 26, 27, 28, 29]",100.0,"[35, 12, 6, 20, 10]",0.988492959912795,0.0076512966300538165,80,5,"[[2, 3, 4], [3, 4, 5], [4, 5, 6]]","[[7, 6], [6, 7]]","[0.0, 0.0, 0.0, 5.0, 5.0, 5.0, 5.0, 0.0, 0.0, 0.0]","[[8, 0, 3], [1, 9, 8], [2, 4, 0]]","[0.5308544715969044, 0.8208615040241961, 0.6136319856321265, 0.861695518966338, 0.7725342714746376]"
